canonical_id,content_hash,model,prompt_version,label_status
1,1b38a30f4341bbbf7c7f6090bfc739bb90cec20b06992675cecb5f7cb2a0250a,deepseek-v4-pro,1.0.0,llm_primary
2,bd825eead491f5e938d3bf5aeaffcdb4a24eb974481be1fd05182a0dc98cd84d,deepseek-v4-pro,1.0.0,llm_primary
3,46cdf23f762f0d5238224b3cf03377a99d75fd39bec3bfcaaf2ab344f2c74502,deepseek-v4-pro,1.0.0,llm_primary
4,94f1081bfcb143d1ecaf935b8577475f2c0ad6cc6f0463148607da8edc722449,deepseek-v4-pro,1.0.0,llm_primary
5,1731b365af5db195271533d674965b45dafc290f630ba5d7005f567a9a5eff7b,deepseek-v4-pro,1.0.0,llm_primary
6,8b6162187b15be53dc3c213a19b9b47139949a7fcc4bde357d59a94645812ef1,deepseek-v4-pro,1.0.0,llm_primary
7,ffdc7769e0515345410491c4c6acb3d904727545a47316938c2655331cf825e6,deepseek-v4-pro,1.0.0,llm_primary
8,731438d839a624a237b967886b25f5c6349f13706a17b583f1c1139759df1633,deepseek-v4-pro,1.0.0,llm_primary
9,8b4014824f835b502618bec396b6e298107f7b3e8b44aecc3ae0821b3e0f7faa,deepseek-v4-pro,1.0.0,llm_primary
10,873f097c00e1e493ae3da9469c546826a6cfad5f99648f2b38f041ec880d157a,deepseek-v4-pro,1.0.0,llm_primary
11,bd09ba3af470b18d0177a8471a590d4e04bf4133d9686a0c882fe32f6af4c258,deepseek-v4-pro,1.0.0,llm_primary
12,a6edfd463cee3daaf9f64c5ff3202c079b4297ec6cfc31c97681fdb1958e5ab7,deepseek-v4-pro,1.0.0,llm_primary
13,50a200045e6f2409cfd50925d73a030acbb15b56b81679e81beb470840417d84,deepseek-v4-pro,1.0.0,llm_primary
14,063ec91994ce19ce0aec9328e37c279a70b779f0e1d36ce3c6c05b7a36bf8c54,deepseek-v4-pro,1.0.0,llm_primary
15,6bec3fc1d8e1a97cf807354ed2ebaf69835343335161bc836ab07f66036db21d,deepseek-v4-pro,1.0.0,llm_primary
16,71be720e26c0a81a31d7fa82db720455cafaa4b244f450667735f8b22cf9d504,deepseek-v4-pro,1.0.0,llm_primary
17,65ef9288d771a3d361cca99affba5678d514207d904152ba9ad2e8bc5ea01344,deepseek-v4-pro,1.0.0,llm_primary
18,b7f11cdebce152f63e770537d49b767b6603018931099aea0a7d00a0e0d74a26,deepseek-v4-pro,1.0.0,llm_primary
20,a4f8df8034e29c6ddb151ff2b68c5db4cfd36ed2371510dfcb56b87ffed27e56,deepseek-v4-pro,1.0.0,llm_primary
21,fa6ed30b8340eeca777356a0f6551f26c7b92e40a26a41f0077556ca7071cc37,deepseek-v4-pro,1.0.0,llm_primary
22,7eb0f611d8d1eb4f13b0abea252d7d14bf8ba295536ab80204b1093be208dfce,deepseek-v4-pro,1.0.0,llm_primary
23,5d6b708f3ec0669ab6bd86a5d301e1f87b4a14c82bb3d86348714a1afffb0a85,deepseek-v4-pro,1.0.0,llm_primary
24,d7b0497588528a8d67a75d84a8e7346d17b894f35f5ed67e44e4ae5140295440,deepseek-v4-pro,1.0.0,llm_primary
25,88e04c8ca56b9f9cf25b384eba5cfd6788b1ddbd6d2144f947b1b017b1abcfea,deepseek-v4-pro,1.0.0,llm_adjudicated
26,d0750cba4d3297e1655f28a4d3eb21149ecc28f2797076916a19cb50172651b1,deepseek-v4-pro,1.0.0,llm_primary
27,84eb1cebe6b77cc2bc0f0a6b04b2c3926b0213c2b21f66822570e468a90ae5f4,deepseek-v4-pro,1.0.0,llm_primary
29,b279a29e1e03695603a1b26832caf74e6984668763795242e3d94f7024979725,deepseek-v4-pro,1.0.0,llm_primary
30,260cb8cb820e8605be5e80a28d8f5ac9bc7b301aab4ad41098ac28d31678c0ae,deepseek-v4-pro,1.0.0,llm_primary
31,7c29e71a3e471b992252f3160f916cb1f749ddecbb3182c60a4cfe5329593316,deepseek-v4-pro,1.0.0,llm_primary
32,a8912aa3f1daf092ee6e824a75e6ebe9922648ddbfd45e7edead4d22a0c3d882,deepseek-v4-pro,1.0.0,llm_primary
33,a070cb70cb1058a0f2e972e31dd435e78618fbbc6a99f46f6d16d079ebc02df9,deepseek-v4-pro,1.0.0,llm_primary
34,9aee9c854b519a2efdb46619e77e656cc8cf0914932c709502bc47ec298f8c6e,deepseek-v4-pro,1.0.0,llm_primary
35,f52e1905410c4a65c47dfc1ee98184c905b6ffac2600497baf90442093b00e02,deepseek-v4-pro,1.0.0,llm_primary
36,2b844c5e9bdc5fc4cd7c940c34a9a54a03df8c8a505f70a9207abea90f6fbcfe,deepseek-v4-pro,1.0.0,llm_primary
37,b09ff4ba7e4e5c41395b0dd2d474992633fc993e5b974b633f178480e08069cd,deepseek-v4-pro,1.0.0,llm_primary
38,d7881d1308fc70ba5bac09d07309fb5b5c2c6ecaa5f43502534f45fc194e4a0e,deepseek-v4-pro,1.0.0,llm_adjudicated
39,3d661149d7470ca52d546e647ec79f16e44b9de4a4398604cf9faffc740e6dc5,deepseek-v4-pro,1.0.0,llm_primary
40,d585de484d7ad324fe8ba502242d42bea6c7650223bd4d9c0b2a0dbfe6289972,deepseek-v4-pro,1.0.0,llm_primary
41,83f805fcbf3391e28de1436a29cf03bda9137f527ac322c4976eb9037714e4ed,deepseek-v4-pro,1.0.0,llm_primary
42,58ac2a69cebd923cd26a0ef544516c8be7f5212eb4cc227a099c4bc1222ba608,deepseek-v4-pro,1.0.0,llm_primary
43,58ac2a69cebd923cd26a0ef544516c8be7f5212eb4cc227a099c4bc1222ba608,deepseek-v4-pro,1.0.0,llm_primary
44,69af2a3ec4700898dc2e7b523858c7d53491af62dcaaaa79848286d77e108f46,deepseek-v4-pro,1.0.0,llm_primary
45,4f0176d3817e977469fa3ef7d70536ac8d1fcc9127167117ee5a882c7f4a0e5e,deepseek-v4-pro,1.0.0,llm_primary
46,d16852bb3c4dcff2147e2c6021270d00b976af7c925d6943199e472eb4723da7,deepseek-v4-pro,1.0.0,llm_primary
47,9b64f4fabf1a4bb3a4057dfdcaad9b752575d5a93d7cdeb26fb37da67aedfd9d,deepseek-v4-pro,1.0.0,llm_primary
48,2c3b21028d245cf6d4c1c5f4314c16a4685148ca9ba9039a9b47732ae51519d1,deepseek-v4-pro,1.0.0,llm_primary
49,f0fb62c12a26f2ba49386a01ba08bb21752ce24ac8b7a6f8a5d1a356b3c420c8,deepseek-v4-pro,1.0.0,llm_primary
51,0310045c05a6d07577006bd935fdc3724eb7edd71a06a5daeab2bebf5dbf4b06,deepseek-v4-pro,1.0.0,llm_primary
52,f70152970f60d34e3164b0fe4f73ac9c14f0306465e85f05f190261e1d1e4e95,deepseek-v4-pro,1.0.0,llm_primary
54,6c1dcb68e9c50950ca117cce7beb90eb8cb6e957ed830afb24e796ce4e864cdc,deepseek-v4-pro,1.0.0,llm_primary
55,3a231ac8892f1ef40e0c26fd88968312d35eb60bb148a2a7b4541762be0775da,deepseek-v4-pro,1.0.0,llm_primary
56,3632831ec89be43c09a2667888c1d353042b2546967cf0ce5e2e8ac1227cfc7a,deepseek-v4-pro,1.0.0,llm_primary
57,6837922dbc0c714cfcd200de87ae73072a15f6e9ba8f1165f71396dc2a9f9756,deepseek-v4-pro,1.0.0,llm_primary
58,e678b4de2135240c3f9d63e8f55c38126e2397b6c5afda0544221d7b106b3eb2,deepseek-v4-pro,1.0.0,llm_adjudicated
59,9d30c6fae5eb26ed2af679a240eedaa6e1e0c5cf61c8c95f8f30916b61eb791a,deepseek-v4-pro,1.0.0,llm_primary
60,bfadc2a18691fe5c78c319820098c2892946f67233926f1b0b51c56e4b74b0e8,deepseek-v4-pro,1.0.0,llm_primary
61,7580ea196024283b9001f62994f6d41f7e13f1209788e83bee06050b67fbf08c,deepseek-v4-pro,1.0.0,llm_primary
62,1493c5b19741e94aea5560d44bd4472b86a7afc1ae70788fb6e25da5df1a45bc,deepseek-v4-pro,1.0.0,llm_primary
63,b8f499780628ca214683a42078e66a04bacc70c42b65b7f119b7873b8a6ed617,deepseek-v4-pro,1.0.0,llm_primary
64,99c8fe4d91ba5495dd83a604d428cff7f8b8f85c3d53a5e29627641d70200642,deepseek-v4-pro,1.0.0,llm_primary
65,0ef5e13f01216897f81c9fcb4e1a5789fa392ab66630f4648eebd03bc246915d,deepseek-v4-pro,1.0.0,llm_adjudicated
66,c7577158bfbebab1e93cea31e6d559bff581591b99bd75e0bbb1aebe28213193,deepseek-v4-pro,1.0.0,llm_adjudicated
67,7d6daa25bc7655783b66545d92076ccdd275f9cc0d916d7001a18c023a1f00c0,deepseek-v4-pro,1.0.0,llm_primary
68,39c4356379ea5668bf7abba40b92cfa78a51a18426f67a92fb48ad761cab0869,deepseek-v4-pro,1.0.0,llm_primary
69,3d1f2045de2d29cefd81309c987ab58dc2d92d01cb54085245a05163a2909b4c,deepseek-v4-pro,1.0.0,llm_primary
70,3f6b5747243de66d24dffe8dc7d45d52add94290e11be709cd1b1f6a88138f82,deepseek-v4-pro,1.0.0,llm_adjudicated
71,abd87fa749ed58fa1d45dac52c9ac8400cbe5fa3244cceeff1c48b698590519c,deepseek-v4-pro,1.0.0,llm_primary
72,8d905bfd1633ca19c09094627f65529686bb8d1e44d8eced10d4e5d3427810ad,deepseek-v4-pro,1.0.0,llm_primary
73,069b93ffe381a84988abf9cdd11532f1a9f45b1db11f035022db66c0e4ec748d,deepseek-v4-pro,1.0.0,llm_primary
74,48c75c2b29f4c638a3fb9bed67676cbd11e367a1c2ed76d7d83692675a871c48,deepseek-v4-pro,1.0.0,llm_primary
75,63bb6af130a1180434f9c067601062b1a2d8b0f84a4791cad5b48c72798d5476,deepseek-v4-pro,1.0.0,llm_primary
76,e8519a31296347ae84662012b5afae9e91d6a70f5bb45590efbc01f398e89ba7,deepseek-v4-pro,1.0.0,llm_primary
77,849c6ca009f5736aaf83f29b90fc3579fe5cf5cb8c724f0fa554a8f4a31d1e02,deepseek-v4-pro,1.0.0,llm_primary
78,f6f168249ca6ace465fe4255f8b02450aea8e01bfc37cdcef7b9dd3f45e08e08,deepseek-v4-pro,1.0.0,llm_primary
79,63109a63141e5f5e5e0e94534b44e6c4de1c23095dd42b7501e4396d5b29f419,deepseek-v4-pro,1.0.0,llm_primary
80,0f01af262efecbc6b9287776df0037d49c76abddba567218c00cd4d62dc65e06,deepseek-v4-pro,1.0.0,llm_primary
81,1bf1468e2ec99d4b0f596ac30668a8dc9362313c63690da6d64e702f21d8b106,deepseek-v4-pro,1.0.0,llm_primary
83,0bc4089c3b9509e29918ccb0a0261d04c58494d7ff42cb8280dc72ac11e9c9f1,deepseek-v4-pro,1.0.0,llm_primary
84,a34a5e8339555120f2713020ad27076609a3152cce759b763f7d15b20be4528a,deepseek-v4-pro,1.0.0,llm_primary
85,331549d0238f5b06fa2989947396eda9426408d83f6a44b009586705a564ea6a,deepseek-v4-pro,1.0.0,llm_primary
86,027520803db14edb0375462e9813ebd62832ce3dccc3b49b34598be57e7e3a89,deepseek-v4-pro,1.0.0,llm_primary
87,052b8019159e896b0fee2ac8c078e00f645724a05ae548ed81526ed632011274,deepseek-v4-pro,1.0.0,llm_primary
88,922f5f93318ce7c8f3aa59b9474847e7f97ec44e2fad529fe1c68c4c4187f466,deepseek-v4-pro,1.0.0,llm_primary
89,b772c6b16f05859dec762c31b38e4a60250f4e7e348b060822d0d97b9d8b361f,deepseek-v4-pro,1.0.0,llm_primary
90,8ae6bccc5153d4a852ff62670cbf46ec37bb560ac757252dd93b20306d17974e,deepseek-v4-pro,1.0.0,llm_primary
91,39d891d734ba242fe162d07155599dd6874a010a3571decce8c4aee407f07839,deepseek-v4-pro,1.0.0,llm_primary
92,34ce2de5ae5b3292a35085658a8d0eeab651c1c221c853bc6378c09ce4ce7ce7,deepseek-v4-pro,1.0.0,llm_primary
93,0e95f442770bb1da9dde62956c4c564c7b1032bbbc418aad80e82ac2390f5da1,deepseek-v4-pro,1.0.0,llm_primary
94,0dbbef176da9f3312c3fd3b66230191ab19da2673ee61e360666bad9fdc1cee0,deepseek-v4-pro,1.0.0,llm_primary
95,17a331a0ad42760d0b6ab789806b1a944b1bf312fafa5511809302a01488145c,deepseek-v4-pro,1.0.0,llm_primary
96,be9eee51e4e9ece02a69b0fef92c7e5666bcc9ac2210cc6a0b8c11b02b9e38d1,deepseek-v4-pro,1.0.0,llm_primary
97,fafdb3ffca25611a61b81e83a06a88cd66860f070f39676b77526f47529fd995,deepseek-v4-pro,1.0.0,llm_primary
98,3c8455a87f346e6c49e87fc65adc52167b81a11063e1bd48030f1c9e2c43c82b,deepseek-v4-pro,1.0.0,llm_primary
99,2d4e5262d9d7774f79449b43a751976ea2167de8e6b4fe9132105bb1e0e0d2d1,deepseek-v4-pro,1.0.0,llm_primary
100,05289ecbca881ea08e0d4126af4eedff616e28e3953685c5966e0c222ad70313,deepseek-v4-pro,1.0.0,llm_primary
101,c69daf21818ba03eb46ac738561d872154f92cb59d93b0ac6b9e20d020883603,deepseek-v4-pro,1.0.0,llm_primary
103,39c8ba8b8250848b04b9234f27cd8aba1e4e1ae0785428d6501314d2e2b87d51,deepseek-v4-pro,1.0.0,llm_primary
105,ff782d8dde1a38ae2ea328500948aabc6b6cd3482acff4ceb6b430944b49188a,deepseek-v4-pro,1.0.0,llm_primary
106,1a0fc4348105762b8b861a518d0e8b10b2ad20e5c3541dba99a091ab380641f3,deepseek-v4-pro,1.0.0,llm_primary
107,b6e232f86cbcae07a5632d967fd6a0f33434950348a330ff6beb9a851258ab7e,deepseek-v4-pro,1.0.0,llm_primary
108,41cb7190e5ca9fd95b673af5937ef5dd78e79263fff9ad4a0f9be79830267878,deepseek-v4-pro,1.0.0,llm_primary
109,189dbd6c5913dc01c9fd6d3f0cd69cdaadbed37cbb7c39ae7be2d6bb2bb8a69f,deepseek-v4-pro,1.0.0,llm_primary
110,0d06968454e7e691c9795b7dae589f039c420f373d17596b918bf91354b8d0c2,deepseek-v4-pro,1.0.0,llm_primary
111,b4f7474fbcc36a19715d2cf1eace8745248e2c3141acc149eadaa678a396674c,deepseek-v4-pro,1.0.0,llm_primary
112,dede6b3bcd7751565c63aef5722b68ce840a2703aeb4bf8803def1b10c1f26df,deepseek-v4-pro,1.0.0,llm_primary
113,fcd517fdee8612522fb185c64d8c4d0c9164480eed363dcae5f8d4ed197c9292,deepseek-v4-pro,1.0.0,llm_primary
114,589870e51cfb357e1b62569c3dda2eb72fb33ded0c81e847b7f5d0ec2327b480,deepseek-v4-pro,1.0.0,llm_primary
115,cc86d2026f7653b1a51e44f327ca7af1e8904b64f926a88b9aec27c44264c881,deepseek-v4-pro,1.0.0,llm_adjudicated
116,7318dbb4a4b1c7ab2fb3a47a97cf779641d26b33a04736a43a28adac73dfdc23,deepseek-v4-pro,1.0.0,llm_adjudicated
117,1419c971fa2c7c7e6763d2ea27b98350bcd9ee4810f9852892a062468aec6e40,deepseek-v4-pro,1.0.0,llm_primary
118,95624130db36d92036a6e5c43bccd39b2ba9002282ae509f231de86467fa892c,deepseek-v4-pro,1.0.0,llm_primary
120,f48f528921efc7ccbbfdb30a2b21a0b24681855949a910937dc6570464fc9cf7,deepseek-v4-pro,1.0.0,llm_primary
121,77f0452a25b8bf6801c57f224444d55c7d6f9a8782960337fdc38554a1329db5,deepseek-v4-pro,1.0.0,llm_primary
122,7358b0890e48a5a5a14b1ddda2f059a1318436f54073f0c50e6400d5ed12ddd7,deepseek-v4-pro,1.0.0,llm_adjudicated
123,1d924be471a0774d1984c81e503760290a2fdbd7ff4e981a00b76fc873f6875e,deepseek-v4-pro,1.0.0,llm_primary
124,e43568ef11c2eacdeb35d0fcba826a54654268f25df508931f0728951774e4da,deepseek-v4-pro,1.0.0,llm_primary
125,7e1ecc1c1780a604ae1c8250b60684542809221587048e4de1b2b3049ce9cf20,deepseek-v4-pro,1.0.0,llm_primary
127,a0d6aa6cf716e27384bb15a3a6bd38c4b1994c22deb4e221c74e56122bf08015,deepseek-v4-pro,1.0.0,llm_primary
128,bb13b20e5d54c08796090b353271df30581cdcac729165e63611b37f0d2cee64,deepseek-v4-pro,1.0.0,llm_primary
130,ac2838723ac644fc507eccf50ba1f868cc0ccc6b5304c5b41f7be10b5e8f3d3e,deepseek-v4-pro,1.0.0,llm_primary
131,8e1d4c91a99c2f774b3a2ce3693c52afb7a7dc08497688ef86679b89fa51b866,deepseek-v4-pro,1.0.0,llm_primary
132,94384f6807a3dba0bb43ab1446763d2da2e5a5e3ad14007b1a4df2385fc9c704,deepseek-v4-pro,1.0.0,llm_primary
133,f783735a2268f3989bff33686476504b5b6ee7c0703aea90c5f05529e92c2e9b,deepseek-v4-pro,1.0.0,llm_primary
134,6ca1d706b65072d3efe715399d25408289ef9f75aeaf6235d44b21d23e06fb3c,deepseek-v4-pro,1.0.0,llm_primary
135,2230f171f2b1ca8b5d857188976ebaab9994a2eca9c0d20596554953abe7fc91,deepseek-v4-pro,1.0.0,llm_primary
136,83baa891c609f86a403fbcdbdd993ebf269730994aa6e6d73a2a6e6bd9eb3c52,deepseek-v4-pro,1.0.0,llm_primary
137,bd1010061867135b8030c53021e6067ec3501b6e1f32d4c61ce31c82480c67a0,deepseek-v4-pro,1.0.0,llm_primary
138,1d1a46bb7b0d59f0b065fb94e2e279857dc1ae5434e6b604261e56c4448ec8c0,deepseek-v4-pro,1.0.0,llm_primary
139,e65a4fc3c913e5a7dfc6c548770669165ec45a2d5d46d0a0965478765bb05756,deepseek-v4-pro,1.0.0,llm_primary
140,7e6e17a4fc60733073bcdabb1a18b2e1f6b4f49a52502da98c486cff39dd2458,deepseek-v4-pro,1.0.0,llm_primary
141,f515be0e491eec5e9188a1233b81d6bcf1973584a06d5e12fb597c11fb04e017,deepseek-v4-pro,1.0.0,llm_primary
142,a6aee568bf3d0730d6fe48672f88b6a2bf981259d26a509d307f3238b3480054,deepseek-v4-pro,1.0.0,llm_primary
143,c25b0293b686ccddbdbf95022c372465e061486d5ae43d248b17f12214504cb3,deepseek-v4-pro,1.0.0,llm_primary
144,6c3574878a3a1ee964823b47a84d7a0c7906a4bdb2b6b85181d7d635572915ad,deepseek-v4-pro,1.0.0,llm_primary
145,f1bfb40330143b0f697f28efcde21c6bbe30300ba13b0fdc25798211dfc28bfd,deepseek-v4-pro,1.0.0,llm_primary
146,411bacc6707a5296026d8bd0993b78832536788854d637b1d7ed7df20bfecaf0,deepseek-v4-pro,1.0.0,llm_primary
147,c376632406b43d318b10dd439b74bba60538c4ed90c9570fe1618adc41cf7871,deepseek-v4-pro,1.0.0,llm_primary
149,6d33528e57269d8a832b755eec185827a9a7a35a6a281e205a59dfece17d5398,deepseek-v4-pro,1.0.0,llm_primary
150,b4ee535d29dae4593606ef5ef2dc86ce5d02226dc8f1fedb9cb543dfeaf5d11d,deepseek-v4-pro,1.0.0,llm_primary
151,d41cbc07747eeac6a60de02a7b0aa73803aedafb3847502d69e7396098a0933e,deepseek-v4-pro,1.0.0,llm_primary
152,78a4d09ccc9e57b3a8168c1bca0f3d30c8732ee89d6e0f3e43c320e511636347,deepseek-v4-pro,1.0.0,llm_primary
153,c9d6a555aac7e6571c23f4b7ee7264e803957b5467d3930351808edae7271d77,deepseek-v4-pro,1.0.0,llm_primary
154,e8207e6b20be45648dc604844c5d835b5e433497c2bcb6ae38e792ebc8a4ef94,deepseek-v4-pro,1.0.0,llm_primary
155,e8207e6b20be45648dc604844c5d835b5e433497c2bcb6ae38e792ebc8a4ef94,deepseek-v4-pro,1.0.0,llm_primary
156,4a3861a895d9910d822cefe48216c24fed9f56674599822083276d4a64a54990,deepseek-v4-pro,1.0.0,llm_primary
157,67b6c844807eaf3610631daa97146d31b1bfe634d78690aee2cbe8137c95cc79,deepseek-v4-pro,1.0.0,llm_primary
158,e91cbdeb0ca38e68843295ab4f4320fbce3ecd803fe2f3cc1dc7f9ab2dcf9681,deepseek-v4-pro,1.0.0,llm_primary
159,ab7ec899127e3873b26e641216af87924170767a7a6a2e58f77eefa2c6e1dd99,deepseek-v4-pro,1.0.0,llm_primary
160,ced181dd0d1b5e77c9089b68741d13999894733c610ff0c13623bd3bf1500587,deepseek-v4-pro,1.0.0,llm_primary
161,458f486507853cd37b58ef88edaa93081ba3dbb82e90c14e428934d2fc06112a,deepseek-v4-pro,1.0.0,llm_primary
162,5ec3edf966f8e1b38a411d05b9e3f8e275faac170bc613f6372a8aca2253a554,deepseek-v4-pro,1.0.0,llm_primary
163,f681a62c0b66eae2dafc6a636e003632cccc218bbee16065c9b6634d5167559d,deepseek-v4-pro,1.0.0,llm_primary
164,8fa5c683ffc022488543f028db51e837700a7b79f217a045e256e5d133ab4407,deepseek-v4-pro,1.0.0,llm_primary
165,e7937b5937478fb0666c1596782e7a8c8e67f1a7d542d1bf8ef160b867df1355,deepseek-v4-pro,1.0.0,llm_primary
166,a0a086c53d7412787dfc847185f1558f3c636b433c963f9329abaa5dce3dd5ad,deepseek-v4-pro,1.0.0,llm_primary
167,9eeb5e31f63353a2c9f69fb4fece95596647b93fad5e9b237d086fad407c006d,deepseek-v4-pro,1.0.0,llm_primary
168,be315f1d099086cdaf96d871a520112bbc66fc13f04d444e8b98d61b34df07b9,deepseek-v4-pro,1.0.0,llm_primary
169,56d42e00057f5d16a52689746be53e497108ccb1fa3904624f80ba7985cfda72,deepseek-v4-pro,1.0.0,llm_primary
170,e66db4258a5ded14fc2467e77efb9f010d6f905ec36d9c68b2e5f0333d277a03,deepseek-v4-pro,1.0.0,llm_primary
171,1de39c6de894bd4936d3047cc831bfd3913bc27c7eaf3aed8b9a22fd25f6e2fb,deepseek-v4-pro,1.0.0,llm_primary
172,44cb07f6d9a03cbe3981e5a353f4f5fb6975d149c91ee58880aca5d7372cdaba,deepseek-v4-pro,1.0.0,llm_primary
173,d671197a6b856c7b411ef3a6e12553268ff32aa4575f89bd216bd65ff5d674f0,deepseek-v4-pro,1.0.0,llm_primary
174,2ce96a1d0f56125f5376e3db99939d0e4baec6d77ef33e0d607e0a962dff2c77,deepseek-v4-pro,1.0.0,llm_primary
175,a11a18ac6d92d9afca332bdb0a22617c49cda2342dfa5d6302f03f291d09c785,deepseek-v4-pro,1.0.0,llm_adjudicated
176,d8dc1c701d7cc55270e54cca618ff44d8c2aed6561f4f7862f17bd1636f737e6,deepseek-v4-pro,1.0.0,llm_primary
177,c9af2f96a5f17814dcdd11f29139df9c20c3d21e298326fac7411357c7e98152,deepseek-v4-pro,1.0.0,llm_primary
178,f34b50fad2abd28c316dd7f8c3a48a95ddf8d79d424a12f9363de5fc37fab8f2,deepseek-v4-pro,1.0.0,llm_primary
179,d9a9e93fe96f73f001db62953935fd98ebcdc0a241c70b15c5526410be55b828,deepseek-v4-pro,1.0.0,llm_primary
180,173e32669dd8898b5fa6fcc115d4e7855a457cb24c3e28deed327624af590c7f,deepseek-v4-pro,1.0.0,llm_primary
181,64e45e8c031da01b7e08b86bcf1d0fca3c7e22fba8a96e3433018ba3a17c3903,deepseek-v4-pro,1.0.0,llm_adjudicated
182,c6cc8e756dc012840d3de931b3c42d0cdb37a6912f507c66fda32d4efdd24c6c,deepseek-v4-pro,1.0.0,llm_primary
183,da1865cb97b5dfc6699a892d086e993a24447e04527ab91fd9123541fc64be7f,deepseek-v4-pro,1.0.0,llm_primary
184,601099ba2d249cfaa192dc7da573d13bcb89f3cffb56194cfa2ce74ca39eb55b,deepseek-v4-pro,1.0.0,llm_primary
185,20d2b790c7b1b9a8820874f074d344ca4d6f3022b8b7debdbb44cc24a9f3bb65,deepseek-v4-pro,1.0.0,llm_primary
186,74d4f5c76859fa268a676ebade02bc1f628d0dd52362afeeaed73e32f6e65b30,deepseek-v4-pro,1.0.0,llm_primary
187,09edb058a9397db48653a7c3fff5c0f8f4f53d410b894f6c2e4f33ec970f8ac4,deepseek-v4-pro,1.0.0,llm_primary
188,23c63cb830d4c4614d389e975cb4708929d1dc806c94d2e802882e32778c5bde,deepseek-v4-pro,1.0.0,llm_primary
189,6cfd390d0cefa6ee93bbab071fd50b41013a5af5d6604012bb4687d8f6703b6d,deepseek-v4-pro,1.0.0,llm_primary
190,900f633c5f4afd2c0c661568c46f25ec622e30e17f272819848707bfffcf1f52,deepseek-v4-pro,1.0.0,llm_primary
191,2883f5e073733941d0980ab431dc893ef9e89411950284ede375e3cab7a96c00,deepseek-v4-pro,1.0.0,llm_primary
192,0d9c28acd5cb3c95a3461054316115e9aaa107590ef5da0370cf64c3f6b91c57,deepseek-v4-pro,1.0.0,llm_primary
193,f8c1e6234ae8be33ae693ed2db41556d2cb243ef9714fe87afc52a02336b40f7,deepseek-v4-pro,1.0.0,llm_primary
194,98865d9752e1c9d4570ae444bf144ac72522019bd7685314e58db25ce0bda921,deepseek-v4-pro,1.0.0,llm_primary
195,84b4d14ed54a0114cc71564e6c07b37aa7ac448f143d4a5bee995ce5e3c783a9,deepseek-v4-pro,1.0.0,llm_primary
196,2f177ead5d8c29dfbaca89596923e72eb594de830d0e28c998b4026c74f28272,deepseek-v4-pro,1.0.0,llm_primary
197,e0e1b0835a8db5894666a9503a3353c809f805b12db75ab07532b1f412af27de,deepseek-v4-pro,1.0.0,llm_primary
198,da270169c90d22c04543bc56d6a90bc342c9d18c3df3ceab3c11228c059ba3b6,deepseek-v4-pro,1.0.0,llm_primary
200,518e625196764c2eaeece860598fd9897055f2ae0694f51d520dd80f167cc8d8,deepseek-v4-pro,1.0.0,llm_primary
201,e96b70a71f9fbac8c247ba3cf59e924004da6a399eeb24e17f0281e1a7cc0dc1,deepseek-v4-pro,1.0.0,llm_primary
202,2aa095fee00120b21197e49a2abfcb346353b2be54ec92190792ff74799b4b34,deepseek-v4-pro,1.0.0,llm_primary
203,72e44d729f3c05102d2e4360d47e915e970cd2bc2afedf5df58ee3d8afbc423b,deepseek-v4-pro,1.0.0,llm_primary
204,82de7ae3e00999355d363122110e8bf9ad9ca85a28af0c48bcafe4b382ac9f35,deepseek-v4-pro,1.0.0,llm_adjudicated
205,344a714d8e9aba99d9074b7a7203ccbd5d7043935a193cf5ccaafc77cc1544fb,deepseek-v4-pro,1.0.0,llm_primary
206,4bbe44902288ee1b48093816b92c881431b8b134bf697497d1e557e29dd14950,deepseek-v4-pro,1.0.0,llm_primary
207,042d6ae34b7b5f82678fe6257cc58a4e69aeaad86afb57dbb73e29677502580b,deepseek-v4-pro,1.0.0,llm_primary
208,dc9761893a753208a0056f18f52e138e483887dfb8ad99c41c15f0c9ee514b37,deepseek-v4-pro,1.0.0,llm_primary
209,2312f5ace2e389b49b9d164badbab526e9783ed8ed49171cd9f0d1649cbae2a2,deepseek-v4-pro,1.0.0,llm_primary
210,35bb2e141a75361782a8d206b82fc08247acd12d56a5e18de852306f566f57d2,deepseek-v4-pro,1.0.0,llm_primary
211,fcefee2fe54ca8c3b8c2d6873e17368579c29f103cac50124c61ad837e01a1f2,deepseek-v4-pro,1.0.0,llm_primary
212,a9155f3f24eebb6a02feb0456c69e9b20550aa48f3212a66065cdcb5a149c2e6,deepseek-v4-pro,1.0.0,llm_primary
213,0e8209437d09bd70ee9fc6a0b6102099f509291e6206dc838e1d7daa5fe98c45,deepseek-v4-pro,1.0.0,llm_primary
214,220f1cdf4b198b5751539336a7bbec83ddc76cafb3214caae450d03ba14c81e5,deepseek-v4-pro,1.0.0,llm_primary
216,936e3068ea471656d7c952f8c67bb811c8331957d98bd5afb24bbcdc568fee7a,deepseek-v4-pro,1.0.0,llm_primary
217,1c1507034371ffdc32d86de4230f3931e42019051b571e1a9b1156d844023eb5,deepseek-v4-pro,1.0.0,llm_primary
218,e240034a248eb0d8c45084089646b7b83f503c034cc3fa6649ad2fa1b3bf78a8,deepseek-v4-pro,1.0.0,llm_primary
219,700a4fbfd1eda532e7095fc88e459afc39b2d376f78282c55043bcf0e900cb75,deepseek-v4-pro,1.0.0,llm_primary
220,14e8d0819d6c69a9af70fa5ad78be751572f9898fd260df07e11caa602dab288,deepseek-v4-pro,1.0.0,llm_primary
221,551346a1f41b7fd6cc38d574b57474c1e19214434b0137fc8d9b868e6ea32610,deepseek-v4-pro,1.0.0,llm_primary
222,72a6f7d2747e8686b4efcc968255eb1bd7b2a99cc309561ebec31c567dd03809,deepseek-v4-pro,1.0.0,llm_primary
223,9081aa7b5b129dcf424a0aa3c569d6e19053f31d1492d0de27667cf1999e3fce,deepseek-v4-pro,1.0.0,llm_primary
224,4ed8b74e0d88bb126d1f78d932d77c232e36512626ddd53c512e73091a285c9f,deepseek-v4-pro,1.0.0,llm_primary
225,4ed8b74e0d88bb126d1f78d932d77c232e36512626ddd53c512e73091a285c9f,deepseek-v4-pro,1.0.0,llm_primary
226,f79754725eabd014c97a72686abfe3ba2d09c9f32ec8b71a8e03421dbf327452,deepseek-v4-pro,1.0.0,llm_primary
227,3ce8f3785965fdf0d5592157586d1becd67381e2106f02ff040cc5dc96392491,deepseek-v4-pro,1.0.0,llm_primary
228,0cd895ffcffb2799ae2997a91a6a09848355957aed6ab33955557e7d89dc2ed6,deepseek-v4-pro,1.0.0,llm_primary
229,c1425ede60e6e66c2dbe6d24537f572804c2dcf3ce4936954c34ba3a578e32a1,deepseek-v4-pro,1.0.0,llm_primary
231,2e3e29e6b7bca1de446d3e15ed10ab43df7ece9b488daebb5ca27dc9cb196377,deepseek-v4-pro,1.0.0,llm_primary
232,7017188964c23d66c1729b9373d9d4d380f2959f0c5d48eda37485f18f347d06,deepseek-v4-pro,1.0.0,llm_primary
233,967516b1c0579f7dd9ce9faeec65a15ba3e0d44c1ea72d2ed93edf0065eb6618,deepseek-v4-pro,1.0.0,llm_primary
234,54860c7f540f49a7e9b97c02a2f5cdb210a92e7910d8be5a80596bfa57e6e319,deepseek-v4-pro,1.0.0,llm_primary
235,26728a3a79eb7cb3cdd751f627294a9b5b66cb62a481aeb9cbc9429861db866e,deepseek-v4-pro,1.0.0,llm_primary
237,6c5a1500268b354992edea9957171007ad71846ba2e4aa170f1dff075ed74c0a,deepseek-v4-pro,1.0.0,llm_primary
238,72a2f04dd916b0cde678c1a5e66fb3e2c09af9fa81114247aa0fe76e94d3bd5b,deepseek-v4-pro,1.0.0,llm_primary
239,97cdd8ef8d6b32e9ec9f3678f0b33f039626954f2e735853843ef43d5c8abcc1,deepseek-v4-pro,1.0.0,llm_primary
240,c725addba1eab7f22ce4934a5fc2a21ca434b75b0743e88095b587270259026e,deepseek-v4-pro,1.0.0,llm_primary
241,a27f9541446d8d6fee1e4a70d3014d6a3e3c365c38a15d6db45b41c2d75e38ac,deepseek-v4-pro,1.0.0,llm_primary
242,b7262fe72307cb9f0cf5cf27aee0d533984cc1709bbde986d0b3083df7701673,deepseek-v4-pro,1.0.0,llm_primary
244,fdbcadec04a483bb93e5c1b9ccf8e8cbd7bdcdb9c58b23b9af81863c8e8da4a7,deepseek-v4-pro,1.0.0,llm_primary
245,37dd30895fdf689d75c10f797c00e85a624f06028928413301b763b038bee3b1,deepseek-v4-pro,1.0.0,llm_primary
246,9169faf693d42a2c7ac45d7ee46e99d042686c680385f13e374f95749e77d2d1,deepseek-v4-pro,1.0.0,llm_primary
247,92c80375f33a71da6e9fdc26d7239bd20e79d3eaa9eb0e8cbd078af16c05c958,deepseek-v4-pro,1.0.0,llm_primary
248,dc2bd372d208df03ea7c2fa90c8e583ccfac8d0317a7c8cf1169adc4ef1a7361,deepseek-v4-pro,1.0.0,llm_primary
249,cdd8d8757f733f8f4557b18de4de4c77bfb9f0da7623d0194f8edfa23f37c4ae,deepseek-v4-pro,1.0.0,llm_primary
250,1dc0faee02e300d5343ffb64d1dc4dcfc3d1d51a18b08683837aeafd4515e2cc,deepseek-v4-pro,1.0.0,llm_primary
251,6294c84b3b62494f7db366f5e7cb8ee9beb84604d02bccabeeac301df3fb1488,deepseek-v4-pro,1.0.0,llm_primary
252,debdda7c145b22e69a53e5f38c250fa9eee3556bf4b3e553f4074705aa9ec7b8,deepseek-v4-pro,1.0.0,llm_primary
253,9368c8ed90854fb4f93ea36bd41a8216d05776d41168760eb186d50eebdf0850,deepseek-v4-pro,1.0.0,llm_primary
254,988c93282a48ae44eb6288196bc2cc6ec23961cba397552c26fb7bbb24992d42,deepseek-v4-pro,1.0.0,llm_primary
255,1e25cf54f49fa2fd5a0c7a2447cb77224428bb6481effc809a1aade31932b8dd,deepseek-v4-pro,1.0.0,llm_primary
256,bac6c8521aa57f0a81318eed3773e7e9352fc7fdf6b1457115c7af40f2e32d84,deepseek-v4-pro,1.0.0,llm_primary
257,76b03c6bba181d1fd6edfa7831eca1fd5e7c1f86aeac3fc9bef67da3efd0f18f,deepseek-v4-pro,1.0.0,llm_primary
258,6313f738f4574b0ed76974390221cfca252cb60377a3354bbc29336a5fbffac4,deepseek-v4-pro,1.0.0,llm_adjudicated
259,2cdd6d8e66d176421cd64692fd8aa89b85145621767fc0360c9428c2e70bf0f0,deepseek-v4-pro,1.0.0,llm_primary
260,126ac29dd3b218bba6585ab0040a8b92bd2bf5d69e7b50eac348f1c1ef3ef4f0,deepseek-v4-pro,1.0.0,llm_primary
261,8282dd416376f832387135dd1e6e67ac9dec83006ddb66398d6e96024a0ace1f,deepseek-v4-pro,1.0.0,llm_primary
262,9b250add9c2ec42a83b30eacf6c6aacc42255d99e83fe01aa52e190e35f1e7cb,deepseek-v4-pro,1.0.0,llm_primary
263,d3908acf6633c11828da9ff41f426b7af0cd184ae6f6f8b24b87e265a6e74be0,deepseek-v4-pro,1.0.0,llm_primary
264,2be4a2e4407507383841e46456fe5c84ffb1ea6a41e610c7b96231781f4ab10d,deepseek-v4-pro,1.0.0,llm_primary
265,55cae6b5ba08c3834fea7020d762f0a3ca070a311ab89be339c4f37a799fa2da,deepseek-v4-pro,1.0.0,llm_primary
266,ddfa68399491b79c3a24463adf7adf4f16ec29226ff9a72e7f1b6e31b7415e81,deepseek-v4-pro,1.0.0,llm_primary
267,8e1428dd92714410124a17b97f27d03356f65b046fc5ccded6ad256ba1342a43,deepseek-v4-pro,1.0.0,llm_primary
268,993214f4d2c683114eed3e61649b99238e113c451dab340a8a9d37f517f99147,deepseek-v4-pro,1.0.0,llm_primary
269,d496ddd54d3d08e8ac8d053a3ccb7c585fee32178de46630dc8d28156ad4c240,deepseek-v4-pro,1.0.0,llm_primary
270,0151abb29a1a2647ed7066b645acbe2ee4966beb516d12a83173b4a5142d456f,deepseek-v4-pro,1.0.0,llm_primary
271,f9094cdef5232227e245c567c765359728a35dc4108cfc7ef3049f7c100660b8,deepseek-v4-pro,1.0.0,llm_primary
273,bfaf8942d17b57fcdf14c616148312ea192d4287aef7979698236dc158dea97a,deepseek-v4-pro,1.0.0,llm_primary
275,e1489c0b5a0f5e01788948545a8a4d0db6f439696483a190bacab37941f7f1e1,deepseek-v4-pro,1.0.0,llm_primary
276,fe88b8f54071123cddbac6e24eb4950c2bdec06db8bb5e2e8f0ea9451aa20ab8,deepseek-v4-pro,1.0.0,llm_primary
277,43e00de88fcc49a1865486467746466062b132a8c871069d548167fa6906a376,deepseek-v4-pro,1.0.0,llm_primary
278,95739d6e11689e8749c929781a3f5679042b3eaa5d9653c24b658bd0e4d2613c,deepseek-v4-pro,1.0.0,llm_primary
279,af7b3479bf0f3c1f8cb9decb43fea3b4c6459db49dabcb416e236fa88c84434c,deepseek-v4-pro,1.0.0,llm_primary
280,0f24dc3a4c0398fa89a2bd183f3723ab5b29cb852ae808310a849a49518236ef,deepseek-v4-pro,1.0.0,llm_primary
282,ae52edc9c64a127676d982871ad81e1e03fbf6e1a3ecffa0468458851c71a6a9,deepseek-v4-pro,1.0.0,llm_primary
283,7fb1b9d0643d2a6bd69b8b103c4785ab2957e310cd3584cf9a6143e6305c8b97,deepseek-v4-pro,1.0.0,llm_primary
285,aed7a0a202cb0c38aacbf8b48e71aa3b73d01f39ee8130841bf655acf5d36a08,deepseek-v4-pro,1.0.0,llm_primary
286,053b73383fe433fd0d81f06e85962bc3ca81af26d517a6418e7a70d711de21f4,deepseek-v4-pro,1.0.0,llm_primary
287,ebaa7208c2e1c73c62ca1c70818100f79b69aa399a0d36414ac53dc5dbc7b4c4,deepseek-v4-pro,1.0.0,llm_primary
288,92ecb070a527c327f0dd4adde7e3eca060a4c5a258fe1420fd3cc8a0519af240,deepseek-v4-pro,1.0.0,llm_primary
289,462ba443d3a58dbdbf5ba1a9276d0bd551ab2ec4912b8cda26f8917a42c6de9c,deepseek-v4-pro,1.0.0,llm_primary
290,25ba14e9241ada03081d71d4af43d8b40d099986d19ebd741638f2b6eb3a7b5f,deepseek-v4-pro,1.0.0,llm_primary
291,e1ddeeac333545224648b72bc7bd999e2a77eea25981d1ecd9be5c4f8345a61d,deepseek-v4-pro,1.0.0,llm_primary
292,de8acaca31901bd8efb38248f9a0947a2b4737cd7f6f601c9dded2a1a6c74279,deepseek-v4-pro,1.0.0,llm_primary
293,9993653ad7ce62da8440b5cc4ff6f51f3aa15444d30e81d321a4d029bbbd8eb6,deepseek-v4-pro,1.0.0,llm_primary
294,364f954675ecfa529eddc0a4c421b6346eb677634cab95c6faf678f690ca4b8c,deepseek-v4-pro,1.0.0,llm_primary
295,42c88c9c7c393ba90a856ca64ed0e251d407828caa556a30c4bc64740f154d53,deepseek-v4-pro,1.0.0,llm_primary
296,66e1eaa9fdefd684731660e40715a2ef659bcd1caadb6a72f6a7b01e4fe79668,deepseek-v4-pro,1.0.0,llm_primary
297,b8826ec378137f2158976d658048bba8e667cfb78d7f2bf6465785a8429d0954,deepseek-v4-pro,1.0.0,llm_primary
298,c78ae36c09f1ff7ce936e91c3ca33aaf76cf475ea8804b040383edaa32b1548e,deepseek-v4-pro,1.0.0,llm_primary
299,741a1373f980ffd698f79d91c7ebf4769de43d2502e2c9b034fc865f31853166,deepseek-v4-pro,1.0.0,llm_primary
300,7d1f7e7ff5db4327403acae0e56b165f0b8ac021ab38d27c6e4c595e1a215eeb,deepseek-v4-pro,1.0.0,llm_primary
301,c2488e952351be8941089e6a8ded97b263c1f9d1214472ed496f1622112cb2b4,deepseek-v4-pro,1.0.0,llm_primary
302,9d9e12de6abe60514008efa5d45c530f8009dbeef7307b5df3f835400297810a,deepseek-v4-pro,1.0.0,llm_primary
303,af2fe88deb9fe212de3c796ee2721d08ebf4224cba38fd5e8634fc89452d3de5,deepseek-v4-pro,1.0.0,llm_primary
304,1f9c59f19d1c42eac5154de76c19584d4ba0ced9b7c9c2110285fcebb8dd4825,deepseek-v4-pro,1.0.0,llm_primary
305,d5ff9d3f379f2fd17704d8ce724c993d0ab41d83ec091533039b27b9bc55a775,deepseek-v4-pro,1.0.0,llm_primary
306,6152c4561792fb8de6d61d2088d4bbeb8bc540a50aed50a0b575d7ae3261cc20,deepseek-v4-pro,1.0.0,llm_primary
307,adcdec6eacd6902884f987cb89ccd275cffea9928fd985d15173261aa9a6c191,deepseek-v4-pro,1.0.0,llm_primary
308,30043d85365e7cf8f3d715bc4018b7558becd11783484c2c93bd8f376169e395,deepseek-v4-pro,1.0.0,llm_primary
309,83f514cf49f835008feec4bb1e0c061a99790c54d4c412ae1913360b5f48b636,deepseek-v4-pro,1.0.0,llm_primary
310,96e29954ba872e0a77f262e92dce4b5013e3620858995efa3d5244600a8480f6,deepseek-v4-pro,1.0.0,llm_primary
311,2d476aacc9dbc6cb959f781109d2f29acbbd9ced5f6bd84b10c4dbb2f5d98bca,deepseek-v4-pro,1.0.0,llm_primary
312,cd8668b89ff7f569466fbe4c30b84861f93847a2ce5f97bfe2090d062f293568,deepseek-v4-pro,1.0.0,llm_primary
313,635b6e9023d14741424cd2bbb2ee9240340e8794b67dbd2df1f4857a0262445a,deepseek-v4-pro,1.0.0,llm_primary
315,9cd91c2d1968013feaddcc87aafbb93e93cf8ce816633be3ff1031d5598c8c4d,deepseek-v4-pro,1.0.0,llm_primary
316,758109deb5dab50e89884286d099c3c3d41b8ffcaf068d3a2bae87befda5c791,deepseek-v4-pro,1.0.0,llm_primary
317,b143025ac608d022176b195149f49181eb51c0292b8c22d11c636c26899d70c1,deepseek-v4-pro,1.0.0,llm_primary
318,0d5a4faee661a5f14ae6a0c628ed10892335036708578d58eb0a4891853279dd,deepseek-v4-pro,1.0.0,llm_primary
319,0ab85f4aa0e9b39f73a649f8535d7f471bff5ba901cddea8c210d084dbe63164,deepseek-v4-pro,1.0.0,llm_primary
320,d9bccc19fbec04058932bc1a2799ce6d599a921dd9454f87fb653a3335e34154,deepseek-v4-pro,1.0.0,llm_primary
321,b4a0e854fce9bd4e8e3c462810b5c644f6cba207a1a570318c5c18aad79dc783,deepseek-v4-pro,1.0.0,llm_primary
322,4d558496cb27fbff183f644369f9ccbeb9732243580108f894a994bcc9b261d0,deepseek-v4-pro,1.0.0,llm_primary
324,10ff1caf2f82731fad887f1e1e604a2cdb711b33d65e1b0583472b68c9b8be04,deepseek-v4-pro,1.0.0,llm_primary
325,351aa544a19dce0bf47672ec8d14092c68cf1c4177aff0eea5f9331a943427e3,deepseek-v4-pro,1.0.0,llm_primary
326,99b80e439287880366610d064fea8700b776c8e76e515ea4eb146d31bc7f7149,deepseek-v4-pro,1.0.0,llm_primary
327,83ceed84a32269a36107ed54e5b23615d8dab9b4c896b82c9711fc31dd825b6e,deepseek-v4-pro,1.0.0,llm_primary
328,8a139b53f428930406f34ae9515eaffa4e3b00c3daaf514b691b4f0cc6d47756,deepseek-v4-pro,1.0.0,llm_primary
330,01c1e9ff525ff63e0babab4e0e5d485c27e6477af4ce06d636215b6a6a48f966,deepseek-v4-pro,1.0.0,llm_primary
331,c30dca16e3286ccf2e92c989a8c082f7d3c0dd65a30762acce4ea6c37db7cfdf,deepseek-v4-pro,1.0.0,llm_primary
332,8fb0cf9e820c8cde10479a2e06a69fe35bc6c3cc082427cb00495110945c0a55,deepseek-v4-pro,1.0.0,llm_primary
333,8a71ab2db51d2b154c1dfcaeb7677583b9a2fbbe2196a8544042dad115e07c54,deepseek-v4-pro,1.0.0,llm_primary
334,21340502241f74fc9173c99e3dc5da070c33eb625e56466ec1469153ca7bb0c5,deepseek-v4-pro,1.0.0,llm_primary
335,45341fc8a9611c62e72786420bcbddeeac50ed19e087a76fff98982aee2861cb,deepseek-v4-pro,1.0.0,llm_primary
336,5bacfc4ece9b17327319f4e9b0fd42ffc29f176b2643ef89142d1f9faecad07f,deepseek-v4-pro,1.0.0,llm_primary
337,0b510859c199465f359f940f3e3c0c0ab29e930c1f8c882c1967b016c72e05fb,deepseek-v4-pro,1.0.0,llm_primary
338,32bac7a7f33564df905be53c5251eb73b10ebea460efffa0e31d75acf1cfdabe,deepseek-v4-pro,1.0.0,llm_adjudicated
339,bb2c26e420992d440a83da355f1820732bfa956782287c5bb067a7b7dae9b84d,deepseek-v4-pro,1.0.0,llm_primary
340,173f7f69abdd4da2a758f6dd70b459aa30c921ea18d7bc0c49df633f7e370d47,deepseek-v4-pro,1.0.0,llm_primary
341,82a3f22206c3cb20721e5821f322627ab161da0fec7629f6653365bbac4b16ad,deepseek-v4-pro,1.0.0,llm_primary
342,62cb2f57c93e59ad13240f0babfd04cce8394765bb6081fcc0adc2aa3e0231a8,deepseek-v4-pro,1.0.0,llm_primary
343,4d3b65c160e8cd95b3c04c7a84dda10031812a0da7fcaaff1e76e96c79282edc,deepseek-v4-pro,1.0.0,llm_primary
344,2915bdd98267df6c31974f04c9f74644d01e13eb27e683f1824028867938d4d0,deepseek-v4-pro,1.0.0,llm_primary
346,34cf774a68fe074f93110be074e0260f85c5937d5cfd2faacf1ff7fb772a0484,deepseek-v4-pro,1.0.0,llm_primary
348,36d3fbbda29668f2528225df92cf28bf4aebbd3ba3923990b23c24c43d6393e9,deepseek-v4-pro,1.0.0,llm_primary
349,df4cb61f7bb4bcb8ae5bf647d286999365c479c9b5cec27527818d0806f601f5,deepseek-v4-pro,1.0.0,llm_primary
350,7e6af74f8eb4ead227f8847fec56b96beb3ab2c128a953741d1128434c529ebb,deepseek-v4-pro,1.0.0,llm_primary
351,bf752cd8f4f15be23799d73d68597c7ace172997b9b7e19bb9e8aa57f9506010,deepseek-v4-pro,1.0.0,llm_primary
352,6ec3d8b2d62e81decdf8c0b07aaa07aae1fef0d02a1667e8ab9c997c749f01b6,deepseek-v4-pro,1.0.0,llm_primary
353,de4cabfad67244ade8787008b1370a69e6d727159f84e63689ec312e7aaa69a5,deepseek-v4-pro,1.0.0,llm_primary
354,a3a9cb103eebf8b199395d7a25947c7a6ca142cbed88c192cf87f9656230c72f,deepseek-v4-pro,1.0.0,llm_primary
355,444ced98a8dd37ff00bec1a9476095ae7980a478c64858195b9674fb084754c5,deepseek-v4-pro,1.0.0,llm_primary
356,e15fd25f15aa18e93e9db359f96290aec9b27d6d4c30e669a6ce26a4386de59f,deepseek-v4-pro,1.0.0,llm_primary
357,845f9d80017df4e781dde5de91a5ac55b67c0389e1a20bd28265ebd1cb7ed447,deepseek-v4-pro,1.0.0,llm_primary
358,fe0af2a39726f6e1d1b1cdaf63b6310281124c71f51c954cd216787b25f1cbf4,deepseek-v4-pro,1.0.0,llm_primary
359,1068b5828aebce390e7663c47726f9baa67907754e91d34c02114c10142a7139,deepseek-v4-pro,1.0.0,llm_primary
360,388d5d2390f29523851fc5c36bf06365caed18c5951496d3a6655379939899c3,deepseek-v4-pro,1.0.0,llm_primary
361,95e6038b157087a06ef7d4bab3324404b478f874d388e636cf94075fd5b20c1b,deepseek-v4-pro,1.0.0,llm_adjudicated
362,5b12fcd6134340162a1e2c1dc727318873b7b2656c84a42e97b9b74a8aff2ce0,deepseek-v4-pro,1.0.0,llm_primary
363,12bed829d46c52d0a118b2eb56068da9ab96c0b18be2590f504e581c1037be8d,deepseek-v4-pro,1.0.0,llm_adjudicated
364,89d8991d916dcd9d57147603efb0cd2592e1dbc2557b2a710b254f007a026d3c,deepseek-v4-pro,1.0.0,llm_primary
366,bac68b7eb2a15a1c5d1b6602c810673edf95205c4097e460ebe29e0b135de004,deepseek-v4-pro,1.0.0,llm_primary
367,a5143db404ede4a614af6e66032d48b9a0cc5319ecfe8ba42ce80b81a63aaf06,deepseek-v4-pro,1.0.0,llm_primary
368,acf18ebca85c00f1179594f60a92786a5c0d6695857a03a2d3019a2126f8d1a4,deepseek-v4-pro,1.0.0,llm_primary
369,c1e39a989b4565492f96916e6cfed106da818bef90eb455cd7213cbc3000e612,deepseek-v4-pro,1.0.0,llm_primary
370,8571c327f2383e96d9385d92f8039bd06a9ccf3f9de85b37a039d39225a85953,deepseek-v4-pro,1.0.0,llm_primary
371,f88835771017ef1f0976784601d9683108de914e9fd62e923968667809403d8e,deepseek-v4-pro,1.0.0,llm_primary
372,9595b9314df1cd80fa22f2ea5b056365527e2251a01daea2e559b7aa405c3c0b,deepseek-v4-pro,1.0.0,llm_primary
373,7f29066cc756508b120b04d99a132e8a41adadf1f8038d670f7f403b05ed67e2,deepseek-v4-pro,1.0.0,llm_primary
374,b2b3bcf8fa1d8af8cd942794a632ae9a8f5ba840bcdc3365c3794b28ed7383d3,deepseek-v4-pro,1.0.0,llm_primary
375,da5bba88c5023e62f5695bc51e13993eb4d26b5d7e2635a15ce5f2ade1eefde7,deepseek-v4-pro,1.0.0,llm_primary
376,2f9a395f6c22db12e69d359abc93f1745fad420fc986f2d017dea01d7f5acf6a,deepseek-v4-pro,1.0.0,llm_primary
377,f83b6b7910d06059238fd0566f4391f08831440abd4a668945e3a3baa7bb4f6c,deepseek-v4-pro,1.0.0,llm_primary
378,857de9c6c2a5b2867788ae823dd0f9c53efa024b726053b41e2d0ba8e04276e1,deepseek-v4-pro,1.0.0,llm_adjudicated
379,cf56be5cf9a42cb3a9937a14fc39398588b2ad15363d499215a525372659a728,deepseek-v4-pro,1.0.0,llm_primary
380,7029b8f57809b55021386cb1cee22ad29d208d2b26739726b7aa0507ed73ad33,deepseek-v4-pro,1.0.0,llm_primary
381,09cf306e07c3fcd81f9e6d611cc7eea316d57e7783628ad76b160695934e10da,deepseek-v4-pro,1.0.0,llm_primary
382,23a5657906b3262da26b1a1ca89aa9c004345ae348a488555e6fcad8dbc75948,deepseek-v4-pro,1.0.0,llm_primary
383,d49308708166070c01778e2c3194f3cd8b7c4cf1d9f7e7c49f16341869878e86,deepseek-v4-pro,1.0.0,llm_primary
384,a8ecf164b2237bd174cf5dedce87533031acd1cb36087fecfa6427c3df3721ed,deepseek-v4-pro,1.0.0,llm_primary
385,c4f2089aacbf9c0eb4c082032567c2752c6788aa5291b28911dc88d08bea3c84,deepseek-v4-pro,1.0.0,llm_primary
386,ec99734fb4d2eec7e46cac45e645aef3a13bbd21a0402aa15dd9ac0d11f65403,deepseek-v4-pro,1.0.0,llm_primary
387,d578d8774f0c9869234fd11751d509629f725343d77a46bffed906b85a0480bd,deepseek-v4-pro,1.0.0,llm_primary
388,29ae0f7157a28e93545f0367ab31166405af5eadfdb155b92594fb11820f5b5f,deepseek-v4-pro,1.0.0,llm_primary
389,70746eac8aa736a9330925dabe4b0b250e967774a006a6b12d3731dbec6123b7,deepseek-v4-pro,1.0.0,llm_primary
390,ab0778a3f2d446af6583149089ebb94888df021e1bc542fbb8258e46538106e1,deepseek-v4-pro,1.0.0,llm_primary
391,1b54b2e0e26e9799ff8b180689134a095d31b9ce38b9a14aee49011a35086a0b,deepseek-v4-pro,1.0.0,llm_primary
392,8238f18473eea11dac0730332a49bc74115146331e96b8f426c209b97a141bfa,deepseek-v4-pro,1.0.0,llm_primary
393,d4cb7f0894f66c31fec184c2fac19a1954b9ec9ebb4e1c8c48f106fc94b1b50b,deepseek-v4-pro,1.0.0,llm_primary
394,13eba18d5823ca6fa7d530f528f76171ba2e9689e19eb3eb229f7c85ff92e61e,deepseek-v4-pro,1.0.0,llm_primary
395,4ab992c3c73c7a266a971d6fbb16763b062fa1431822e52e883f51dd6c35d754,deepseek-v4-pro,1.0.0,llm_primary
396,0e7ca40a3fab8a95c93c696c2370e4de3fd6b4be22f82c84a05671749df68f95,deepseek-v4-pro,1.0.0,llm_primary
397,4742161659cbc1670e456074d671e2ebfe4ce233d0cd456add3e5c83d8bcb326,deepseek-v4-pro,1.0.0,llm_primary
398,a186212b4af266efc62ba8179846e98df8bf82d491c06ef5c7e18349d7aef774,deepseek-v4-pro,1.0.0,llm_primary
399,0317c6b9a5b45c9c8ee1fb0498c2cdb49220628320118304e67dd93b30c44686,deepseek-v4-pro,1.0.0,llm_primary
400,246388311e61b9a5081e23bee2d483458e71bf1e94cba0307a36e171fbd727c7,deepseek-v4-pro,1.0.0,llm_primary
401,b6cdad94cf6aa077a80e5eedd39232c85b7441fc5c9d7dba7395c52cfacbf3fd,deepseek-v4-pro,1.0.0,llm_primary
402,75ef298467e9925a10a497e444cc783640801ff16a3e269567c5c4cac5bcf4fc,deepseek-v4-pro,1.0.0,llm_primary
404,489dc069d27d91a2c8c49dc3bd2f17b3c638c5b687d2a6760f9beb600d00ca0c,deepseek-v4-pro,1.0.0,llm_primary
405,5e2724d6b9a7395aa9dba64bde30d5856af8d25ae095ddc95336db752c6e4f2d,deepseek-v4-pro,1.0.0,llm_primary
406,56096ee7986fd83fa341f208e4e156854aadaac7ad323d87e3168d3522fd9fa5,deepseek-v4-pro,1.0.0,llm_primary
407,78b2bc578393ed2aa88025fd5bc30b671fc9f8e76ca01786e605b9af426bdf9f,deepseek-v4-pro,1.0.0,llm_adjudicated
408,8c2a3a672e807280bf1a2007ba4c1b9255b46b40ea8f415667d9bc3aa27e7922,deepseek-v4-pro,1.0.0,llm_primary
409,321837fee308c967f38373e4962e4dcfcdb8ce041dd4c3c936d6cce33d6a7827,deepseek-v4-pro,1.0.0,llm_primary
410,a7dffc2f84da810de15fca3ef6257036c63a2c7c73ba04c481a7ce28ff93fc95,deepseek-v4-pro,1.0.0,llm_primary
411,c4c6fec6a0aa75fefdf606a1211b88122b931e675c428595763f2a404dc74b71,deepseek-v4-pro,1.0.0,llm_primary
413,eb6364fbc610fb3c0be963bb26e2bd17c2ba6608cc9e62eec62cc1a8fc710823,deepseek-v4-pro,1.0.0,llm_primary
414,5f83da83c32b6246389241b4643ab406829c7317899f5f4363db18414ab21e33,deepseek-v4-pro,1.0.0,llm_primary
415,44686d74fc633c4fe7d54d10cad2f3192a0789bdc2883b73a88e42cbd4d0f480,deepseek-v4-pro,1.0.0,llm_primary
416,ebae60039e9bd4fc9093ef91ba77d71f6b8ced747071bdebe377f1fef6e1c389,deepseek-v4-pro,1.0.0,llm_primary
417,a9c9c306a6a534828b454b6f72abf1cc0a6fbdfbf3a8bd50276e1a2bde1c68e5,deepseek-v4-pro,1.0.0,llm_primary
418,6380a7e0da29f9266107cc893e2f9520e5a331fd6b6a2fc270a430df3c029753,deepseek-v4-pro,1.0.0,llm_primary
419,962a4b9fa08f572414e856ef3ad63e44831f151909c6a826ab64973ab5791ee5,deepseek-v4-pro,1.0.0,llm_primary
420,be1ec418313105621770bbe5e16d2b2f19ef98cedfe81ace3ecdb27ecd835d26,deepseek-v4-pro,1.0.0,llm_primary
421,52496f5951ce1ebe3b22feac3cff8540476f8fb916168d25e4ec9c5dd5775c2b,deepseek-v4-pro,1.0.0,llm_primary
422,22b33fbf44a55ab3ba153bf657e70a6bdafb942dfb8df2d4b9bfd457dcaa0677,deepseek-v4-pro,1.0.0,llm_primary
423,2a3415baf4538657ca66e25ed5bde9b34d51c00611164c7311c222db3c6295ac,deepseek-v4-pro,1.0.0,llm_primary
424,1c6643d76f15d703754f1c128daf05385d4b98b6d21ed74b4065abee702d9c0f,deepseek-v4-pro,1.0.0,llm_primary
425,1c6643d76f15d703754f1c128daf05385d4b98b6d21ed74b4065abee702d9c0f,deepseek-v4-pro,1.0.0,llm_primary
426,e4646d9cfea65400b0e3e1534b48ce1d6780d288de172487351bc19242347360,deepseek-v4-pro,1.0.0,llm_primary
427,91d6c1ed14a2c1103a6c30bae33271eba77907395364f5d2a7fc4d293cbbb71b,deepseek-v4-pro,1.0.0,llm_primary
428,ab36c2628484cfbd698450994697f7cacff3d28690d6c28e7543dd823240967e,deepseek-v4-pro,1.0.0,llm_primary
429,48f310b2bac68990d1b4cd79ca22fc7c2e360bd54cd2cc2f99b5aabd252b4b5a,deepseek-v4-pro,1.0.0,llm_primary
430,75442c8e351a63a68d17861945264f72911c39e26b119074e9a84b412fad5739,deepseek-v4-pro,1.0.0,llm_primary
431,8ca6ed983943e12d52c5b391f65e6130d3647143b1f696e6bd2c8847ad9187d0,deepseek-v4-pro,1.0.0,llm_primary
432,96ad378f97a6692bb03c3d9acc81118cf67b1f9da2a6657ab44f3795bd523449,deepseek-v4-pro,1.0.0,llm_primary
433,316bb482ae00940879f61cc1d393d863ca16243fe257cdce30b190a7722113bd,deepseek-v4-pro,1.0.0,llm_primary
434,19628feb4a1e7e5a24c9ee340e42b5656a77e1d23ef38b3e6df9a9844c7847a5,deepseek-v4-pro,1.0.0,llm_primary
435,35ad6d5d872b07f75621b403b1904f8715eb53980ca03ff9800d5b2d0ef3f197,deepseek-v4-pro,1.0.0,llm_primary
436,e65b311c7dc81d7b7b74a577d1b545f7bcd13bb109aadf2f8f61f3f69d70feb3,deepseek-v4-pro,1.0.0,llm_primary
437,a7a9fc6e6df20efc3a96171f874bcc102c81297db807025d6874f61383de3138,deepseek-v4-pro,1.0.0,llm_primary
438,4058f8a5ce3bff291d5d3b738012cf2ee065e77bf66283fc0fc6982d17c659ce,deepseek-v4-pro,1.0.0,llm_primary
439,90a67e928de96edd03f32dba201bf181c9d00df730d066b319cc550672c2244d,deepseek-v4-pro,1.0.0,llm_primary
440,ad1a8eef53a397840e000eece174ab95799afe3657790cba93cb87fc5eb13db5,deepseek-v4-pro,1.0.0,llm_adjudicated
441,5aa2c67c7192b2c0c1398ca0d58d435731d5b21f029ee181fe0a362615ad3b19,deepseek-v4-pro,1.0.0,llm_primary
442,34617f675605f841887e5e7a70b5a79b4d914ddd87add6d338b165065d04d040,deepseek-v4-pro,1.0.0,llm_primary
443,d66c4157a380bcdf0a910a64ce163e67ffd84b410fbd84fa10886b0403ba3c3b,deepseek-v4-pro,1.0.0,llm_primary
444,96a36bcb332e19a0eafe4e5805390fbc899d2884e36dfba3964ae19b7d6750e7,deepseek-v4-pro,1.0.0,llm_primary
445,d264856db95caaac697bc23201e6115090298beb201784ad641de5603983605a,deepseek-v4-pro,1.0.0,llm_primary
446,8dea8c4c037b637b545792fa14a922af016214cc5c97096b486dfd712b92b15e,deepseek-v4-pro,1.0.0,llm_primary
447,73e19f02ba9b97550073d7de9dd2bff2e7549f06e912b280930db20f56b8609d,deepseek-v4-pro,1.0.0,llm_primary
448,9b798c4aafde9a6256386164971782c04fe0ce1fa34e39b9f86e43e6ac244531,deepseek-v4-pro,1.0.0,llm_primary
449,5c35f7f0766e3f63c0f9f1618cc5db807a32faeb5febd593b59eb8a121a5d085,deepseek-v4-pro,1.0.0,llm_primary
450,763aa69a846e0db0dad9b656ca0c61d19379de4f0ad678e1b6462858dce2df9d,deepseek-v4-pro,1.0.0,llm_primary
451,1e966c1938cc821851c820f809ed0fd6c85974946fea547d1154ee513d01d656,deepseek-v4-pro,1.0.0,llm_primary
452,1e966c1938cc821851c820f809ed0fd6c85974946fea547d1154ee513d01d656,deepseek-v4-pro,1.0.0,llm_primary
453,3f414bad582d8f3fbeadba6c8dd6350020f83af4dc8169db6dbdf49bcdcfbce4,deepseek-v4-pro,1.0.0,llm_primary
454,3f414bad582d8f3fbeadba6c8dd6350020f83af4dc8169db6dbdf49bcdcfbce4,deepseek-v4-pro,1.0.0,llm_primary
455,a72f5f35209d1183cf2363577990e078af61de152bb0610b83c4f9717104aab7,deepseek-v4-pro,1.0.0,llm_primary
456,73fbda1b2077f252b1612b32a1d337b3dfe1a2440aa4b3d4816883307c90a7d3,deepseek-v4-pro,1.0.0,llm_primary
457,aa51933ac407eac6d456ec68d7d3bff14766f352f531b1a74c101c2ae059ec28,deepseek-v4-pro,1.0.0,llm_primary
459,c14dfcaa340b7d2904c0b2bc3e36456755be2b2dbba3440206973bfc37085553,deepseek-v4-pro,1.0.0,llm_primary
460,68333e9714fb211b02f856a561c54e007764f5f6649d7e11ca4813da56828098,deepseek-v4-pro,1.0.0,llm_primary
461,5b1fa96d9c7fa8b8d5fb12dc30789850fec127cd553896ee17eedd00da63b057,deepseek-v4-pro,1.0.0,llm_primary
462,9b46578707c42503bcc496480498ae0472b10c947a930affcf7ce3af8df051dc,deepseek-v4-pro,1.0.0,llm_primary
463,8557d360c81afd7c5784f92b07e2ddf100cc59176a67b4a3008a065e381145fc,deepseek-v4-pro,1.0.0,llm_primary
464,cd17cab025fbc946d491ea675e2cd3adc6f0e3f059ff4a252e034b676a250811,deepseek-v4-pro,1.0.0,llm_primary
465,b4069f1e9ae9c4db41d7c85ba19d2cbc9e24943f01587f02962e3af534fe5c1e,deepseek-v4-pro,1.0.0,llm_primary
466,8a4c4c4ff7c91aa049e45fcf8015e9ba67a34cf6fbfb1bf1ff02d2d554f5f39f,deepseek-v4-pro,1.0.0,llm_primary
467,1b402a3683f08b7a2d15cedd9a6827bd6d8066f1350831594519026939d200ba,deepseek-v4-pro,1.0.0,llm_primary
468,3f01fa83fe2b9e6a3a19ecd0f025b0ec09bebfbb4327727dec19bc61ddabf1ba,deepseek-v4-pro,1.0.0,llm_primary
469,5004b66cab803715e82fd1b2776343bd23487292c96d2a0252c1b14ab65632b0,deepseek-v4-pro,1.0.0,llm_primary
470,376d42f75b1fc7d6577288eb01a5bd22c88d43c10bd7faaf8522743f85f6803b,deepseek-v4-pro,1.0.0,llm_primary
472,6db2b1554cd8f998c30d83d9c8e75c6aad0ff80687a0be8d0980eba9186a7082,deepseek-v4-pro,1.0.0,llm_primary
473,d02ac535d9e58a19cb36ffd2b6dfb0e2a9a8007f434e7e3bc1c6d4060e0ede80,deepseek-v4-pro,1.0.0,llm_primary
474,0b174e1b6d0c83cbc285f5c70c72539b5257b8e725c073c02e4ae32945aa67db,deepseek-v4-pro,1.0.0,llm_primary
475,5bafedebbac61723f4afef4f75c757e7d0788777d71420efc1f2c942f36ea7a9,deepseek-v4-pro,1.0.0,llm_primary
477,8b799f4d77787c92fa6fc8e417930fc990a447cbf6457a9c7c369dd234eb91f0,deepseek-v4-pro,1.0.0,llm_primary
478,00b9594749a6f610fe4c7e9dc1ea20c2587dbd90a5b6e223186c06b05766b04d,deepseek-v4-pro,1.0.0,llm_primary
479,212a88a18c0ea9ffaeaae9bb7419cbee25f63a7d38052f3e8e2f6adef217c809,deepseek-v4-pro,1.0.0,llm_primary
480,25537a48d4f265f0f2f6caef0aa1ffa11c46c6921fb1de3dd44355ec039dd489,deepseek-v4-pro,1.0.0,llm_adjudicated
481,03a40d00658345792c0f0c1657834d43a4d01eeedbd4b981313fcae7b1877ef8,deepseek-v4-pro,1.0.0,llm_primary
482,2069bd2c9e867f0a633513811595b70de13c48662dacaf0f05c486a4b8dd9d88,deepseek-v4-pro,1.0.0,llm_primary
483,4af3c22e8bcfa2ed35a36252931d4af511a3a872b999452c5d711572a0b2fa54,deepseek-v4-pro,1.0.0,llm_primary
484,d42d82035fcc66214bcab29483011051d42b0cb7b943aa3784f8c94db40cca86,deepseek-v4-pro,1.0.0,llm_primary
485,a6431c34499dd6702c8015b78069d283691b53edfb47927182d58b3ac8dc6680,deepseek-v4-pro,1.0.0,llm_primary
486,cbf40bb259957c8ddbe76980b1ae3fa78a0c3c4b6276990883cd8cc6fbad7702,deepseek-v4-pro,1.0.0,llm_primary
487,2e12861715031856500c0ebacf7feda5f36edf5d6090795d58385b0b3ab707fd,deepseek-v4-pro,1.0.0,llm_primary
488,ce3726c361bbc488b78e0cc7c6b94bc80c80a48dfd18946979f01e0988642ec0,deepseek-v4-pro,1.0.0,llm_primary
489,5137bdea9fcbb82d016b248c2c5e66f84687a16603fdadbdb51e54215584716b,deepseek-v4-pro,1.0.0,llm_primary
490,b583ac122fcf2c87f5def3198fceed52554bed72424978a6c4834b8812bc2f4a,deepseek-v4-pro,1.0.0,llm_primary
491,b10970785470090033edb46b5c6eaf1b1eb0f92d49ad808c2aff6a33f29b91bf,deepseek-v4-pro,1.0.0,llm_primary
492,6340de6bbb66592d554dd1a850f7fc463de074aa81af4880da4f623a9ccc7e53,deepseek-v4-pro,1.0.0,llm_primary
493,5b0b82baef9f815c13d6777b820720daabcf4a37d660b8afb031c9ddc60daec6,deepseek-v4-pro,1.0.0,llm_primary
494,200c623d54824566bf69981aacd71036a10a3bf0ff63a65a892dd1a9ac59ddb6,deepseek-v4-pro,1.0.0,llm_primary
495,7640b27a018eb41b757ab4fb4c6cab8db454e635d4bc6f1d39cd3f327aa20a7f,deepseek-v4-pro,1.0.0,llm_primary
497,819e57e0e71b2ff765ef979985af25c97b4ce5887304f49dbac9dc3045e0db18,deepseek-v4-pro,1.0.0,llm_primary
498,f3b7d44eef1b21dea95fb1a50c6edb9bdd38f85edff7d658b180d51b418a6804,deepseek-v4-pro,1.0.0,llm_primary
499,46243c039412a5bc16189c5ae9c3b67d8a7b40d9f37c2fcab0acfa0135f18ebf,deepseek-v4-pro,1.0.0,llm_primary
500,10ffa0eb85f08a0dbb9cb826c6b661efd29895f8e6a839702317c660809a526f,deepseek-v4-pro,1.0.0,llm_primary
501,963fd710ae32afdcf63a4a2652106a91efa910f7a0a335968e249de38dea9ec7,deepseek-v4-pro,1.0.0,llm_primary
502,6c5ac250b6432432467614ee90607d6f63eaaf611dbdbef5a147e83d507beecd,deepseek-v4-pro,1.0.0,llm_primary
503,db7e248e15e4ff332c026eee7ea86ecc0e11ef54707c71d0ef82da2539321787,deepseek-v4-pro,1.0.0,llm_primary
504,0ff181a2abeab42291f4a3c928ec88d32d0cca014e0859af5fc4df0c434090c4,deepseek-v4-pro,1.0.0,llm_primary
505,9ef28876566689112fc805a4fa4deeb75e9aef8fc9b187ed3067d609da14018b,deepseek-v4-pro,1.0.0,llm_primary
506,c59356f52024be8d1d515a341d174422edae3cea7ae9bead1a27565c07b9c379,deepseek-v4-pro,1.0.0,llm_primary
507,441cef2e0cd293b3447d61e5188fb441754bc9986d493b3fd4f161a2aa1b19d1,deepseek-v4-pro,1.0.0,llm_primary
508,d6bb46514ae6e31184f8a596d074a1a2bd4bd509d07614d1e76f0b5afd9cbe2d,deepseek-v4-pro,1.0.0,llm_primary
509,7b660e2d919d54971854147103da13ab3aad441b9efe8198420208a6d0cb47fd,deepseek-v4-pro,1.0.0,llm_primary
510,ec423417891db8bce6c327b807676188dc61894737e2542c9759e3c6a6e9931d,deepseek-v4-pro,1.0.0,llm_primary
511,f439bbd65085f42717e3190bbe219eadbce310a5461c3c8a29c26e737cec44a6,deepseek-v4-pro,1.0.0,llm_primary
512,e12e388d6820d8d350a4f96a1fae79784828d005cc21a5b67daab775c84f2356,deepseek-v4-pro,1.0.0,llm_adjudicated
513,74691284cda104dff926137a84a1a36b9ebb37e72fbf8f3f6de4e81be740a823,deepseek-v4-pro,1.0.0,llm_primary
514,16a20401d2bfee272427706f30035b8aacd9a151348219337cd686efaf97b7d1,deepseek-v4-pro,1.0.0,llm_primary
515,c3923daf8ac32e0b54a623dd6d295e2a41a312b9bb8d2038dbcc5e48900c0664,deepseek-v4-pro,1.0.0,llm_primary
516,ed2d9ab86cc2517f7a42bc93e1ed5b9209eb91c0c4e9982959823c81b43beb09,deepseek-v4-pro,1.0.0,llm_primary
517,e860098736d5e2a7d51f93efb10097ca45ccf0b5985f85120038330758261bde,deepseek-v4-pro,1.0.0,llm_primary
519,3edf8768069259221c6ca7a3c1bb9f1416577024ac03018654cf3f4164b489ac,deepseek-v4-pro,1.0.0,llm_primary
520,3ff34130ed7698f97cac6dee628eef78ae7e5797075da2264c0bd8c073dc7914,deepseek-v4-pro,1.0.0,llm_primary
521,d492018c3e6491c7cea4e49a80a1d5e54ba6e92b28898ee6a497d73cfb51e83c,deepseek-v4-pro,1.0.0,llm_primary
522,f707e0b22ff00725c0ab490a73d1101bf06a5f4e85a93cf7ed452f27f632b730,deepseek-v4-pro,1.0.0,llm_primary
523,2bf88f8ba3dd834be40397ad6522b1e5d66cb95a0f7671fdb5acbef9f67563ca,deepseek-v4-pro,1.0.0,llm_primary
524,f35fc0fe6663350b965b8212dc837d5c8cdc79f0c48aa85cbd526bce3875d012,deepseek-v4-pro,1.0.0,llm_primary
525,6b04518eb2756a8baac7b214c39269721d2e08631f6540f3fa228435f2795837,deepseek-v4-pro,1.0.0,llm_primary
526,c55b6a06f8bb30a6956a3ad56eb9fb559a478eed2c6cb0b6e659910c43a0a62c,deepseek-v4-pro,1.0.0,llm_primary
527,022cd44631ca13f5b17f7fa307d0f881494251fbd840c46940ac88ef9fa1c88a,deepseek-v4-pro,1.0.0,llm_primary
528,70451f9d6ea5c09290ab2040f006f51d11c98a57af5d6c5da3a239eae0d524d8,deepseek-v4-pro,1.0.0,llm_primary
529,e6be2a09d88e8b0b546b9e8de8ff77a1d07e1f6f99afd5f4ba6fc2489f66ac02,deepseek-v4-pro,1.0.0,llm_adjudicated
530,9f9c43acdfd8958a897d767fc18dfeea64e3533cf12653f184d2a21fcbe6c401,deepseek-v4-pro,1.0.0,llm_adjudicated
531,5b665685474abd6b89a759cef529d958fb55a3cc954351ac17539a95ea014e17,deepseek-v4-pro,1.0.0,llm_primary
532,56a67d01f2e1efad37dbb370fe94d0f320722afcb694afac85a120774abffbfb,deepseek-v4-pro,1.0.0,llm_primary
533,e6550f1e7e6966abe19905e03c77c17da2ed261eb80a681fcbdcce08af778b48,deepseek-v4-pro,1.0.0,llm_primary
534,d16eacb301e747805b3bccb4d2f7814d94d0bbc9e9f740931eb41ea30b656ab1,deepseek-v4-pro,1.0.0,llm_primary
535,ade4b7e1943220702d38d01db858fa7fc3f5ce1945379628622d63625521680b,deepseek-v4-pro,1.0.0,llm_primary
536,75798289ef4992845534a64daed8dcae3ea15640d8e618869bc17a34ba47cf13,deepseek-v4-pro,1.0.0,llm_primary
538,f9459ace4fce1d2c44582a47065f87658dd299d308cec0e83c3a83ef1912a77b,deepseek-v4-pro,1.0.0,llm_primary
539,26e6e67521b6d852abd6eb266d275f66f65e3ad961612bce8729d23000689520,deepseek-v4-pro,1.0.0,llm_primary
540,b5a7849f12107e74645e4876992620c6e17718d438c78281c2ffcf332aa8fceb,deepseek-v4-pro,1.0.0,llm_adjudicated
541,56dbd73d2eb876341faf2d143da574a3a7a62d0c4d426ab9937d44828a1257f1,deepseek-v4-pro,1.0.0,llm_primary
542,f2009edb60add2cbb9f62668e33d34db5e52961c32884c6578f65ce29d55edbf,deepseek-v4-pro,1.0.0,llm_primary
543,4c5b6b193c7c80914872aff83a972b81e9648c21cbc5ac5a4d968489a099c4b4,deepseek-v4-pro,1.0.0,llm_primary
544,db6f62f2e12b3191548655ac47079b2096da33cd27f47003a87c288a68b8fee8,deepseek-v4-pro,1.0.0,llm_primary
545,db6f62f2e12b3191548655ac47079b2096da33cd27f47003a87c288a68b8fee8,deepseek-v4-pro,1.0.0,llm_primary
546,33d6f94ea08d88c1b3c311f3068b39fd965377a738b5b72ae8af681fde9b9157,deepseek-v4-pro,1.0.0,llm_primary
547,400339b53ceee612be7b2d155f037733668e724714eae3c705e96525d74d33ab,deepseek-v4-pro,1.0.0,llm_primary
548,e671e113d7dd5a7ce8614a012be382803c7142ef293a223a7d71a44dc48f32c6,deepseek-v4-pro,1.0.0,llm_primary
549,105a8e465d07e0b1bdadf15364fccf17013de66ec9d84520761418e3c35a1e65,deepseek-v4-pro,1.0.0,llm_primary
551,b4c59061db2d20a63df5e2b0643c6f2585d7d7b69a7b04158e3312eab0501434,deepseek-v4-pro,1.0.0,llm_primary
553,a7e449fcfd32aa1b696a202c154e5e36755bd7df83dc05a239af6639deb9cabc,deepseek-v4-pro,1.0.0,llm_primary
554,a3817f7d02e49627340195a67395a4ff409ab0ac356367ff4614cd133e870569,deepseek-v4-pro,1.0.0,llm_primary
557,4b6e8ac3703731a8747acfaf93780933e0287c354923b29a3f313bee5cdab6d4,deepseek-v4-pro,1.0.0,llm_primary
558,95468f25687d0171b63c3cc83c156c412ffc9385ac45b3df7744acc3c70a0d7b,deepseek-v4-pro,1.0.0,llm_primary
559,862edac939d0d35daf7ed5cd0cfd3c2d8cdb630d56b720c17c0fa8bbaf13471a,deepseek-v4-pro,1.0.0,llm_primary
560,cc7471a861788588d0407b3a1b18b3bafd912de42ac2f18a73b8c36ba8b3308a,deepseek-v4-pro,1.0.0,llm_primary
561,fe03f3528e6641a6e3e6efd3c146a1f34b6fc88587b988f2ee7cb1c715da2bd2,deepseek-v4-pro,1.0.0,llm_primary
562,420cdb6896ba6be7fbaa993646e79a0c382eb83c3783b554e459c0966b8b376c,deepseek-v4-pro,1.0.0,llm_primary
563,cd7bf39cdc8d43eadde6329fcb72ca2b9978cd4d2b18b419dc8461510c6086be,deepseek-v4-pro,1.0.0,llm_primary
564,8c20c30742d9e55bef5118cbdc5090ca7d4ced6bc384be80a5a9c3ad6bbb5874,deepseek-v4-pro,1.0.0,llm_primary
565,87ae974e6f2938de8629f3ab02e930b4d6e80a641aaafd6d266490089b4c6d22,deepseek-v4-pro,1.0.0,llm_primary
566,29565ff034da4aa2a2ac8ddd254b456d16a69bbf8828741ce13fe835d2287266,deepseek-v4-pro,1.0.0,llm_primary
567,27ee9b50d1e2a1544970fc8846718d0b6586bc0e537d1e2c7c3b1a2d816365b1,deepseek-v4-pro,1.0.0,llm_primary
568,75db3d9f41595badc7fd2ad2b6169ef81597c4ec51fb983a79fcafa86e799c2e,deepseek-v4-pro,1.0.0,llm_primary
569,fd67f8d984f8c673cd325fd22a313ccaadbe27d38b53d71a9e5d08174bea11fb,deepseek-v4-pro,1.0.0,llm_primary
570,b9a9cc9944ffc4818351f5bc2120ef0e1fb222e58467e948290850d4f1a76e78,deepseek-v4-pro,1.0.0,llm_primary
571,360c689524d9bea779629d8cc24dd68572ddd60d5ee910124cd617cb191c005b,deepseek-v4-pro,1.0.0,llm_primary
572,f714d6f54df737823ce6996ddca9f79d2ecb38f6f0982ddfb6335dc1dd4c5d57,deepseek-v4-pro,1.0.0,llm_primary
573,6c35f577f0cb1c21b7b9dac12b9346c8289b0e43d637ff7c2c0586e8ad7f9212,deepseek-v4-pro,1.0.0,llm_primary
574,8c24ed3ba4263e7d0dc5b642ff478685c436b9388159886e4cf8d4bcf2da9826,deepseek-v4-pro,1.0.0,llm_primary
575,6d2c5d167cf46501acc0e09ed8a5b7f1de65564887fa2bf1823a7a2b7d583051,deepseek-v4-pro,1.0.0,llm_primary
576,1f00ed3b7c0c7ceb4694969f4c81c51eb4ca54ea50b6c3d2834b41c6ab39e006,deepseek-v4-pro,1.0.0,llm_primary
577,034f93a8ccf4af24c71316447c2270edc80c4a1d88d00087c54f3651d2fe8eb3,deepseek-v4-pro,1.0.0,llm_primary
578,3ec4112a7b9065073f339a183d904a31a1f2a83ed4370456213c9e5ed12ae97b,deepseek-v4-pro,1.0.0,llm_primary
579,5e2f9c411d2d290eb5e0f51a16b8a008ff4300d2e84a5bdef7725de362811e26,deepseek-v4-pro,1.0.0,llm_primary
580,0c8d4523694f912a5fa3c1a4f9e5885d4d9b975c24f7a447c33d3f0c0a28d1ef,deepseek-v4-pro,1.0.0,llm_primary
581,2ca00d394e712cb379f0c587020bc69093ec709bff99e7d28189eebfcad69f5a,deepseek-v4-pro,1.0.0,llm_primary
582,e4e0c56f224a1dc3cd11b5f1221ff4fe6aedcee86f989e149a662585c38871e4,deepseek-v4-pro,1.0.0,llm_primary
583,bfe7a7dc87c7fe07798301b5d602a183a5ce96d6f233fa6fe30f556318608388,deepseek-v4-pro,1.0.0,llm_primary
584,99443dcc5294b0445e54193e542d1afc1e3a004ae3ebc2e98a40654b32242776,deepseek-v4-pro,1.0.0,llm_primary
585,d34b1e67eef4881ac0ef82f6fdd62540eb4ef773591a2ccb5f913b91130c44f6,deepseek-v4-pro,1.0.0,llm_primary
586,b3e040aaabdcbd56ef85ad7427c13c606e4aa0b104353d0eccc07622e5e75551,deepseek-v4-pro,1.0.0,llm_primary
587,17580b9928db4058116600c9208a495fa45663510b41995513a450fe7b45bbd0,deepseek-v4-pro,1.0.0,llm_primary
588,c44a4b6a0c43478a5ecd8da61b0fb638b3dcfba8cfd7367243da0092ac589085,deepseek-v4-pro,1.0.0,llm_primary
589,066d4040138cf9866156378bfe7c8faee62882889e1df15808b0deba252de8b7,deepseek-v4-pro,1.0.0,llm_primary
590,9ee757b853e8fa20b617a987f580522e058d36bb2efb9148ba770baaab923678,deepseek-v4-pro,1.0.0,llm_primary
591,8881898f8a43226b6ccba329fdde036ca73f32b29913d8b903be2b8ca6c12ccb,deepseek-v4-pro,1.0.0,llm_primary
592,032040ac96e33392fabfd708ddd6faec56de3d189507a01e1ccdaac4a6f3e802,deepseek-v4-pro,1.0.0,llm_primary
593,fcad8e261232a407c1b2157650b853b87cc6bf6d0eeece3faf8ad4feec435037,deepseek-v4-pro,1.0.0,llm_primary
594,c8b5e99121e2ecba13a7a48da8c1597a68ec10453e29213f67ba0399ceb029b8,deepseek-v4-pro,1.0.0,llm_primary
595,1650901e7a0f044fc65091c442175c67380092af6ca514c4548b1edc22e5c65f,deepseek-v4-pro,1.0.0,llm_primary
596,085a04902780d615106a3e833bd0e1c85575f039ea1819ad96fdca2b07950e80,deepseek-v4-pro,1.0.0,llm_primary
597,57205445caa9509174d7ab732fbeb9e79a6e69145137a2c949b73bd857bf4d78,deepseek-v4-pro,1.0.0,llm_primary
598,d0bf4dedc08b16c00bd7b532b07b970dc775c6d99f06665835c9822d7e0b3027,deepseek-v4-pro,1.0.0,llm_primary
599,a2a6841bf2719560dc474c1c15bb793c16b73d54e0df44913591752c415e0474,deepseek-v4-pro,1.0.0,llm_primary
600,6595bcc5fabeb183f8c23e9ad1de323cc621997a762cda6dd83377d4017fd0d9,deepseek-v4-pro,1.0.0,llm_primary
601,cf54f82b78fda3c67d14b858ef8e62028213b5a0f1570f5e2f5d111a18dd7bd4,deepseek-v4-pro,1.0.0,llm_primary
602,275fdbb26132e20e2e34f17e4e8f894fd85b32c270df3ce26598580065f7100b,deepseek-v4-pro,1.0.0,llm_primary
603,d9006133093967ec7d0ae2a60c166fbdb12f5f4fecbdc04c726177da3cb857dc,deepseek-v4-pro,1.0.0,llm_primary
604,f1eeedc56c7e67ff5ada05b3ef04b5c68088dad69471f0c3b4f1f0ccb9b545b0,deepseek-v4-pro,1.0.0,llm_primary
605,d7ce30e62c9af9cbce426d02018d349912a6f32cef1782d744fe0ccdb9ee33b2,deepseek-v4-pro,1.0.0,llm_primary
606,3e802723eeebf02d62f7378c5be5c73aff19981db33726f737ad20f31af66da5,deepseek-v4-pro,1.0.0,llm_adjudicated
608,831f399f56aa9f53616b88d26787eaa01d9b86db67a0d9f1f4aa23a447388df5,deepseek-v4-pro,1.0.0,llm_primary
609,2d0b94e97223159a4d0f05ffac12a9a804f2b37fc3ad4ec08d00e0fe3356d8af,deepseek-v4-pro,1.0.0,llm_primary
610,7db9c8d73c0af36609df421d34419df812b387a8e1ca666d593729c5c90aff32,deepseek-v4-pro,1.0.0,llm_primary
611,b061d552e057bf319cd06ed29bcca459e94f7d8eb15205194216cd3083508460,deepseek-v4-pro,1.0.0,llm_primary
612,f1f7741053ca7ef3d991c0666aa455fc57d7829c48e0211e5e71097144a2d9db,deepseek-v4-pro,1.0.0,llm_primary
